date,open,high,low,close,volume,Name
2013-02-08,11.86,11.9,11.72,11.76,145217221,BAC
2013-02-11,11.73,11.9,11.67,11.86,103499848,BAC
2013-02-12,11.87,12.34,11.78,12.245,231771561,BAC
2013-02-13,12.35,12.42,12.05,12.17,192478919,BAC
2013-02-14,12.09,12.27,12.07,12.13,143901737,BAC
2013-02-15,12.205,12.21,11.97,12.03,158078545,BAC
2013-02-19,12.1,12.31,12.06,12.19,170570245,BAC
2013-02-20,12.18,12.29,11.75,11.8,192999906,BAC
2013-02-21,11.725,11.73,11.35,11.42,235454104,BAC
2013-02-22,11.62,11.635,11.26,11.44,178923836,BAC
2013-02-25,11.6,11.61,10.98,11.03,205958114,BAC
2013-02-26,11.12,11.22,11.03,11.13,172817304,BAC
2013-02-27,11.15,11.36,11.1,11.3,146918814,BAC
2013-02-28,11.325,11.37,11.195,11.23,143393299,BAC
2013-03-01,11.13,11.55,11.02,11.34,188886065,BAC
2013-03-04,11.27,11.45,11.22,11.41,116254618,BAC
2013-03-05,11.56,11.7085,11.53,11.55,135634212,BAC
2013-03-06,11.77,12.02,11.76,11.92,182110891,BAC
2013-03-07,12.0,12.28,11.98,12.26,211034158,BAC
2013-03-08,12.42,12.44,12.02,12.07,209420201,BAC
2013-03-11,12.08,12.2214,12.02,12.15,106267997,BAC
2013-03-12,12.1099,12.18,11.91,12.01,127879351,BAC
2013-03-13,12.04,12.11,11.98,12.06,86031320,BAC
2013-03-14,12.12,12.19,12.1,12.11,113724590,BAC
2013-03-15,12.52,12.66,12.35,12.57,318880083,BAC
2013-03-18,12.29,12.68,12.26,12.56,189022386,BAC
2013-03-19,12.79,12.94,12.59,12.71,242277564,BAC
2013-03-20,12.785,12.89,12.71,12.78,218914598,BAC
2013-03-21,12.71,12.84,12.55,12.57,154166594,BAC
2013-03-22,12.62,12.67,12.48,12.56,101412682,BAC
2013-03-25,12.68,12.72,12.32,12.4,154126353,BAC
2013-03-26,12.45,12.5,12.15,12.28,135478116,BAC
2013-03-27,12.14,12.28,12.12,12.23,106993108,BAC
2013-03-28,12.24,12.28,12.11,12.18,91892522,BAC
2013-04-01,12.15,12.28,12.1,12.15,86222962,BAC
2013-04-02,12.24,12.245,12.14,12.15,102437614,BAC
2013-04-03,12.115,12.14,11.72,11.81,199498319,BAC
2013-04-04,11.81,11.99,11.72,11.94,117655560,BAC
2013-04-05,11.67,12.01,11.64,11.97,140879614,BAC
2013-04-08,12.0,12.21,11.91,12.21,100885999,BAC
2013-04-09,12.25,12.35,12.21,12.25,132144798,BAC
2013-04-10,12.31,12.4,12.26,12.32,105636019,BAC
2013-04-11,12.31,12.33,12.16,12.27,100194781,BAC
2013-04-12,12.145,12.25,12.07,12.17,87986609,BAC
2013-04-15,12.19,12.32,11.97,11.98,176079807,BAC
2013-04-16,12.21,12.36,12.08,12.28,146976210,BAC
2013-04-17,11.91,12.02,11.45,11.7,335205627,BAC
2013-04-18,11.61,11.65,11.23,11.44,219747653,BAC
2013-04-19,11.56,11.69,11.43,11.66,119674638,BAC
2013-04-22,11.68,11.75,11.57,11.72,88381360,BAC
2013-04-23,11.92,12.16,11.9,12.07,176582555,BAC
2013-04-24,12.135,12.37,12.12,12.31,120442535,BAC
2013-04-25,12.39,12.54,12.36,12.44,118551353,BAC
2013-04-26,12.34,12.46,12.29,12.42,83009491,BAC
2013-04-29,12.45,12.48,12.37,12.38,65362048,BAC
2013-04-30,12.39,12.4,12.2,12.31,89290204,BAC
2013-05-01,12.2,12.27,12.08,12.14,88276232,BAC
2013-05-02,12.17,12.21,12.05,12.19,76423681,BAC
2013-05-03,12.36,12.41,12.205,12.24,94175767,BAC
2013-05-06,12.39,12.89,12.36,12.88,264618705,BAC
2013-05-07,12.92,13.11,12.76,12.9,218010362,BAC
2013-05-08,12.85,13.18,12.84,13.02,149216151,BAC
2013-05-09,13.05,13.06,12.87,12.91,112551683,BAC
2013-05-10,12.94,13.04,12.89,13.02,87490693,BAC
2013-05-13,12.98,13.1,12.95,12.98,94167932,BAC
2013-05-14,13.04,13.36,13.02,13.34,153795352,BAC
2013-05-15,13.29,13.55,13.29,13.44,139479051,BAC
2013-05-16,13.41,13.55,13.32,13.36,117813465,BAC
2013-05-17,13.5,13.52,13.39,13.43,107107681,BAC
2013-05-20,13.39,13.6,13.39,13.51,88699484,BAC
2013-05-21,13.525,13.56,13.36,13.44,111706562,BAC
2013-05-22,13.485,13.73,13.17,13.31,174350542,BAC
2013-05-23,12.93,13.42,12.82,13.21,190294898,BAC
2013-05-24,13.17,13.26,13.12,13.24,83399436,BAC
2013-05-28,13.49,13.51,13.31,13.35,133348611,BAC
2013-05-29,13.31,13.555,13.27,13.48,126364220,BAC
2013-05-30,13.5,13.93,13.43,13.83,153151171,BAC
2013-05-31,13.91,13.99,13.6525,13.66,159789980,BAC
2013-06-03,13.69,13.73,13.21,13.55,196972854,BAC
2013-06-04,13.51,13.67,13.31,13.36,129834112,BAC
2013-06-05,13.285,13.45,12.97,13.09,185545686,BAC
2013-06-06,13.075,13.24,12.85,13.2,142211911,BAC
2013-06-07,13.33,13.39,13.15,13.38,120915164,BAC
2013-06-10,13.49,13.55,13.26,13.3,104531350,BAC
2013-06-11,13.11,13.28,13.07,13.12,106241999,BAC
2013-06-12,13.24,13.25,12.97,13.06,117108791,BAC
2013-06-13,13.0,13.26,12.97,13.21,103439464,BAC
2013-06-14,13.23,13.24,13.03,13.07,101276539,BAC
2013-06-17,13.17,13.2617,13.13,13.21,115315833,BAC
2013-06-18,13.215,13.34,13.2,13.27,67162936,BAC
2013-06-19,13.285,13.4,13.17,13.19,103657265,BAC
2013-06-20,13.08,13.14,12.8,12.89,185632868,BAC
2013-06-21,12.99,13.0,12.39,12.69,195921288,BAC
2013-06-24,12.4,12.45,12.13,12.3,159631350,BAC
2013-06-25,12.61,12.77,12.4296,12.67,132644354,BAC
2013-06-26,12.84,12.8533,12.68,12.76,105195057,BAC
2013-06-27,12.84,13.03,12.78,13.01,124501164,BAC
2013-06-28,12.97,13.0,12.84,12.86,90186158,BAC
2013-07-01,12.95,13.1,12.92,12.93,83052051,BAC
2013-07-02,12.95,13.1,12.8,12.9,83600455,BAC
2013-07-03,12.82,12.84,12.73,12.83,37971763,BAC
2013-07-05,12.99,13.08,12.91,13.06,80636575,BAC
2013-07-08,13.11,13.37,13.08,13.28,107341784,BAC
2013-07-09,13.37,13.53,13.25,13.53,105958177,BAC
2013-07-10,13.51,13.53,13.31,13.37,103654697,BAC
2013-07-11,13.54,13.58,13.33,13.51,93484434,BAC
2013-07-12,13.54,13.8,13.47,13.78,123592127,BAC
2013-07-15,13.93,13.94,13.76,13.88,90645506,BAC
2013-07-16,13.93,14.02,13.77,13.92,145681864,BAC
2013-07-17,14.055,14.44,14.04,14.31,249422772,BAC
2013-07-18,14.4,14.85,14.4,14.76,221460390,BAC
2013-07-19,14.76,14.76,14.6,14.75,135990513,BAC
2013-07-22,14.74,14.99,14.65,14.92,112197769,BAC
2013-07-23,14.98,15.03,14.86,14.94,113562030,BAC
2013-07-24,15.0,15.0,14.68,14.71,117573265,BAC
2013-07-25,14.62,14.85,14.54,14.83,89239060,BAC
2013-07-26,14.7,14.76,14.62,14.73,73692226,BAC
2013-07-29,14.65,14.7,14.45,14.52,88622892,BAC
2013-07-30,14.58,14.63,14.46,14.52,71570082,BAC
2013-07-31,14.58,14.85,14.57,14.6,127949706,BAC
2013-08-01,14.845,14.97,14.82,14.95,107622456,BAC
2013-08-02,14.88,14.91,14.78,14.84,83141573,BAC
2013-08-05,14.77,14.84,14.7,14.8,61560130,BAC
2013-08-06,14.74,14.76,14.63,14.64,83977445,BAC
2013-08-07,14.43,14.57,14.25,14.53,128491257,BAC
2013-08-08,14.675,14.7,14.44,14.61,88467287,BAC
2013-08-09,14.56,14.61,14.4,14.45,72913541,BAC
2013-08-12,14.355,14.47,14.32,14.41,60785454,BAC
2013-08-13,14.47,14.62,14.33,14.51,75643930,BAC
2013-08-14,14.55,14.75,14.54,14.6,78394226,BAC
2013-08-15,14.46,14.47,14.31,14.32,99038155,BAC
2013-08-16,14.29,14.47,14.21,14.42,104892511,BAC
2013-08-19,14.37,14.38,14.13,14.15,98155450,BAC
2013-08-20,14.18,14.38,13.98,14.29,114238528,BAC
2013-08-21,14.26,14.48,14.2,14.34,91487877,BAC
2013-08-22,14.47,14.6,14.4,14.57,76288104,BAC
2013-08-23,14.59,14.69,14.51,14.57,67629131,BAC
2013-08-26,14.53,14.7,14.49,14.49,68787242,BAC
2013-08-27,14.26,14.41,14.1,14.11,122212808,BAC
2013-08-28,14.07,14.25,13.99,14.12,96338008,BAC
2013-08-29,14.14,14.3,14.12,14.17,76617967,BAC
2013-08-30,14.23,14.25,14.07,14.12,73084294,BAC
2013-09-03,14.3,14.38,14.18,14.25,74553563,BAC
2013-09-04,14.215,14.4,14.205,14.32,70975249,BAC
2013-09-05,14.41,14.55,14.36,14.37,71115006,BAC
2013-09-06,14.47,14.5,14.27,14.36,75414320,BAC
2013-09-09,14.41,14.49,14.37,14.48,53381618,BAC
2013-09-10,14.52,14.69,14.52,14.61,93086600,BAC
2013-09-11,14.56,14.68,14.52,14.65,80961829,BAC
2013-09-12,14.65,14.68,14.46,14.48,63244575,BAC
2013-09-13,14.46,14.55,14.45,14.49,56751453,BAC
2013-09-16,14.61,14.68,14.53,14.53,65721427,BAC
2013-09-17,14.53,14.62,14.4,14.55,73498985,BAC
2013-09-18,14.53,14.82,14.49,14.715,127094948,BAC
2013-09-19,14.8,14.83,14.58,14.61,79514021,BAC
2013-09-20,14.655,14.66,14.44,14.44,144928642,BAC
2013-09-23,14.31,14.325,14.09,14.14,127074957,BAC
2013-09-24,14.18,14.25,14.01,14.09,96122141,BAC
2013-09-25,14.12,14.24,14.03,14.14,86491478,BAC
2013-09-26,14.19,14.22,13.98,14.08,89211460,BAC
2013-09-27,13.99,14.03,13.88,13.9,78954848,BAC
2013-09-30,13.685,13.93,13.6,13.8,104231223,BAC
2013-10-01,13.85,13.92,13.81,13.9,57534639,BAC
2013-10-02,13.81,14.1,13.79,14.06,88898803,BAC
2013-10-03,14.07,14.1,13.83,14.0,95113117,BAC
2013-10-04,14.02,14.08,13.96,14.05,63392396,BAC
2013-10-07,13.91,13.95,13.8,13.81,64668028,BAC
2013-10-08,13.83,13.9,13.68,13.69,92940769,BAC
2013-10-09,13.72,13.93,13.69,13.84,95930072,BAC
2013-10-10,14.03,14.25,14.01,14.23,102114600,BAC
2013-10-11,14.24,14.28,14.11,14.19,83353177,BAC
2013-10-14,14.06,14.39,14.05,14.35,78305555,BAC
2013-10-15,14.39,14.43,14.21,14.24,101808667,BAC
2013-10-16,14.32,14.61,14.315,14.56,153315685,BAC
2013-10-17,14.445,14.66,14.41,14.66,93809937,BAC
2013-10-18,14.68,14.72,14.53,14.63,96822389,BAC
2013-10-21,14.53,14.59,14.47,14.52,91144127,BAC
2013-10-22,14.55,14.63,14.45,14.52,102765898,BAC
2013-10-23,14.45,14.48,14.17,14.21,108167649,BAC
2013-10-24,14.12,14.2,14.07,14.17,92285828,BAC
2013-10-25,14.15,14.27,14.14,14.26,58528244,BAC
2013-10-28,14.29,14.32,14.21,14.23,62115510,BAC
2013-10-29,14.26,14.29,14.06,14.15,79454598,BAC
2013-10-30,14.19,14.29,14.15,14.17,76245022,BAC
2013-10-31,14.135,14.16,13.96,13.97,105546894,BAC
2013-11-01,13.995,14.1,13.96,14.02,75553363,BAC
2013-11-04,14.09,14.12,14.0,14.04,52953680,BAC
2013-11-05,13.99,14.021,13.9,13.93,71687715,BAC
2013-11-06,13.99,14.02,13.91,13.96,66525249,BAC
2013-11-07,14.0,14.03,13.8,13.8,80674492,BAC
2013-11-08,13.86,14.32,13.835,14.32,158022122,BAC
2013-11-11,14.27,14.42,14.24,14.4,66198059,BAC
2013-11-12,14.33,14.46,14.26,14.32,69369035,BAC
2013-11-13,14.255,14.64,14.2,14.64,127808601,BAC
2013-11-14,14.675,14.82,14.61,14.795,128943715,BAC
2013-11-15,14.79,14.95,14.77,14.92,105475307,BAC
2013-11-18,14.975,15.17,14.86,14.92,145554412,BAC
2013-11-19,14.975,15.3,14.97,15.2,161505567,BAC
2013-11-20,15.25,15.27,15.08,15.14,107174852,BAC
2013-11-21,15.22,15.6,15.2,15.59,142053629,BAC
2013-11-22,15.695,15.7873,15.6,15.64,110331145,BAC
2013-11-25,15.67,15.98,15.66,15.81,153765538,BAC
2013-11-26,15.835,15.97,15.81,15.88,114833655,BAC
2013-11-27,15.87,15.94,15.76,15.83,75503648,BAC
2013-11-29,15.835,15.92,15.79,15.82,44288423,BAC
2013-12-02,15.84,15.97,15.7,15.73,92987434,BAC
2013-12-03,15.64,15.79,15.39,15.54,106450288,BAC
2013-12-04,15.39,15.73,15.36,15.63,96678149,BAC
2013-12-05,15.61,15.64,15.36,15.43,95230455,BAC
2013-12-06,15.61,15.72,15.46,15.56,92203072,BAC
2013-12-09,15.62,15.67,15.56,15.58,50167185,BAC
2013-12-10,15.52,15.675,15.51,15.56,67486267,BAC
2013-12-11,15.55,15.55,15.18,15.25,117565003,BAC
2013-12-12,15.26,15.35,15.12,15.25,76113932,BAC
2013-12-13,15.275,15.33,15.13,15.18,61575599,BAC
2013-12-16,15.22,15.34,15.2,15.24,71466952,BAC
2013-12-17,15.24,15.295,15.14,15.18,74247281,BAC
2013-12-18,15.28,15.71,15.06,15.69,152929327,BAC
2013-12-19,15.66,15.79,15.6,15.75,97918712,BAC
2013-12-20,15.75,15.87,15.6,15.6,131956017,BAC
2013-12-23,15.72,15.79,15.69,15.69,52565832,BAC
2013-12-24,15.72,15.75,15.67,15.7,21770357,BAC
2013-12-26,15.735,15.75,15.64,15.65,48803604,BAC
2013-12-27,15.67,15.7,15.58,15.67,40049258,BAC
2013-12-30,15.64,15.69,15.52,15.54,56218765,BAC
2013-12-31,15.6,15.615,15.51,15.57,57230964,BAC
2014-01-02,15.69,16.16,15.68,16.1,149225696,BAC
2014-01-03,16.27,16.5,16.23,16.41,130054547,BAC
2014-01-06,16.625,16.73,16.56,16.66,114727379,BAC
2014-01-07,16.77,16.79,16.45,16.5,112141137,BAC
2014-01-08,16.67,16.69,16.5191,16.58,101227932,BAC
2014-01-09,16.67,16.9264,16.615,16.83,101275343,BAC
2014-01-10,16.75,16.79,16.61,16.77,87682477,BAC
2014-01-13,16.79,16.8,16.4,16.43,90827849,BAC
2014-01-14,16.54,16.77,16.53,16.77,98517898,BAC
2014-01-15,17.23,17.42,17.11,17.15,330005943,BAC
2014-01-16,17.09,17.14,16.99,17.08,163879260,BAC
2014-01-17,17.2,17.22,16.99,17.01,96509703,BAC
2014-01-21,17.08,17.155,16.87,17.01,118388995,BAC
2014-01-22,17.08,17.15,17.0,17.15,68231534,BAC
2014-01-23,17.07,17.09,16.74,16.86,124037063,BAC
2014-01-24,16.67,16.72,16.45,16.45,114269725,BAC
2014-01-27,16.37,16.54,16.06,16.31,135060624,BAC
2014-01-28,16.45,16.76,16.37,16.73,93652513,BAC
2014-01-29,16.55,16.85,16.49,16.68,130381992,BAC
2014-01-30,16.81,16.99,16.765,16.93,91147776,BAC
2014-01-31,16.72,16.98,16.61,16.75,139608553,BAC
2014-02-03,16.77,16.88,16.3,16.35,160718806,BAC
2014-02-04,16.49,16.56,16.26,16.35,125833754,BAC
2014-02-05,16.31,16.45,16.15,16.4,110835126,BAC
2014-02-06,16.45,16.73,16.44,16.69,110229403,BAC
2014-02-07,16.82,16.88,16.63,16.82,151911622,BAC
2014-02-10,16.71,16.73,16.6,16.72,96136622,BAC
2014-02-11,16.725,16.92,16.635,16.88,92866298,BAC
2014-02-12,16.87,16.91,16.65,16.75,97286498,BAC
2014-02-13,16.645,16.82,16.63,16.75,96047289,BAC
2014-02-14,16.74,16.76,16.65,16.7,113375071,BAC
2014-02-18,16.7,16.74,16.47,16.47,122179187,BAC
2014-02-19,16.38,16.45,16.18,16.2,138080546,BAC
2014-02-20,16.22,16.36,16.18,16.3,107820954,BAC
2014-02-21,16.29,16.485,16.25,16.29,106622165,BAC
2014-02-24,16.3,16.63,16.3,16.53,103039579,BAC
2014-02-25,16.5,16.56,16.32,16.34,81617640,BAC
2014-02-26,16.36,16.4,16.13,16.33,90012056,BAC
2014-02-27,16.27,16.49,16.21,16.49,71807622,BAC
2014-02-28,16.49,16.65,16.345,16.53,126312615,BAC
2014-03-03,16.3,16.41,16.19,16.3,87613440,BAC
2014-03-04,16.48,16.74,16.43,16.73,101701851,BAC
2014-03-05,16.79,17.31,16.78,17.25,207621573,BAC
2014-03-06,17.42,17.6309,17.31,17.35,138302215,BAC
2014-03-07,17.54,17.59,17.2456,17.33,109771403,BAC
2014-03-10,17.27,17.47,17.25,17.47,81974096,BAC
2014-03-11,17.51,17.52,17.25,17.27,90642730,BAC
2014-03-12,17.18,17.33,17.07,17.28,83501627,BAC
2014-03-13,17.34,17.47,17.07,17.16,100875677,BAC
2014-03-14,17.08,17.22,16.76,16.8,131297215,BAC
2014-03-17,16.98,17.17,16.97,17.11,79942183,BAC
2014-03-18,17.14,17.22,17.07,17.19,67402402,BAC
2014-03-19,17.16,17.49,17.12,17.44,105006477,BAC
2014-03-20,17.44,18.0,17.43,17.92,167048671,BAC
2014-03-21,18.03,18.03,17.56,17.56,156026291,BAC
2014-03-24,17.62,17.65,17.3,17.37,118499989,BAC
2014-03-25,17.49,17.58,17.2,17.21,98348557,BAC
2014-03-26,17.38,17.4,17.18,17.18,97573715,BAC
2014-03-27,17.28,17.49,16.83,17.01,175139455,BAC
2014-03-28,17.085,17.15,16.85,16.98,79909509,BAC
2014-03-31,17.15,17.27,17.12,17.2,62115774,BAC
2014-04-01,17.28,17.4,17.26,17.34,57423776,BAC
2014-04-02,17.35,17.38,17.13,17.23,65285679,BAC
2014-04-03,17.21,17.24,17.03,17.15,56534512,BAC
2014-04-04,17.21,17.22,16.7,16.72,110409594,BAC
2014-04-07,16.69,16.7,16.19,16.38,129464876,BAC
2014-04-08,16.37,16.5,16.25,16.44,75769671,BAC
2014-04-09,16.55,16.63,16.345,16.62,83096413,BAC
2014-04-10,16.62,16.62,16.1,16.12,98390934,BAC
2014-04-11,15.86,16.13,15.62,15.77,133757149,BAC
2014-04-14,16.05,16.22,15.78,16.0,99249360,BAC
2014-04-15,16.09,16.41,15.96,16.39,134956615,BAC
2014-04-16,16.2,16.22,15.78,16.13,172948930,BAC
2014-04-17,16.14,16.25,15.93,16.15,104765535,BAC
2014-04-21,16.15,16.17,16.03,16.09,51280450,BAC
2014-04-22,16.09,16.34,16.04,16.29,77888859,BAC
2014-04-23,16.3,16.4,16.23,16.37,52425644,BAC
2014-04-24,16.43,16.5,16.21,16.34,73910944,BAC
2014-04-25,16.1,16.23,15.93,15.95,84617726,BAC
2014-04-28,15.33,15.41,14.86,14.95,344935158,BAC
2014-04-29,15.04,15.3,14.91,15.24,155495010,BAC
2014-04-30,15.26,15.27,15.13,15.14,82359669,BAC
2014-05-01,15.14,15.2174,15.03,15.09,68368291,BAC
2014-05-02,15.18,15.29,15.1,15.25,73562859,BAC
2014-05-05,15.075,15.13,15.02,15.08,51669134,BAC
2014-05-06,15.03,15.03,14.72,14.73,96268311,BAC
2014-05-07,14.86,14.92,14.75,14.8,91733037,BAC
2014-05-08,14.85,15.04,14.8,14.93,65232716,BAC
2014-05-09,14.95,14.9857,14.67,14.74,86751616,BAC
2014-05-12,14.79,15.1,14.79,15.07,70669928,BAC
2014-05-13,15.04,15.1,14.94,15.03,58469055,BAC
2014-05-14,14.99,15.02,14.81,14.84,52431852,BAC
2014-05-15,14.82,14.83,14.39,14.55,104192968,BAC
2014-05-16,14.51,14.54,14.3675,14.51,80476129,BAC
2014-05-19,14.425,14.7,14.38,14.67,51034696,BAC
2014-05-20,14.65,14.69,14.48,14.53,60108208,BAC
2014-05-21,14.59,14.71,14.5,14.61,64808554,BAC
2014-05-22,14.58,14.72,14.55,14.71,51929418,BAC
2014-05-23,14.71,14.8145,14.65,14.72,51648948,BAC
2014-05-27,15.0,15.31,14.98,15.22,125398936,BAC
2014-05-28,15.2699,15.28,15.03,15.14,72481688,BAC
2014-05-29,15.12,15.21,15.1,15.15,39423038,BAC
2014-05-30,15.12,15.23,15.07,15.14,45787134,BAC
2014-06-02,15.16,15.28,15.05,15.26,46373953,BAC
2014-06-03,15.2,15.28,15.11,15.21,49025413,BAC
2014-06-04,15.19,15.26,15.15,15.21,39757265,BAC
2014-06-05,15.28,15.48,15.22,15.43,60300456,BAC
2014-06-06,15.45,15.65,15.43,15.59,73930478,BAC
2014-06-09,15.6,15.88,15.6,15.84,78647895,BAC
2014-06-10,15.78,15.94,15.73,15.92,49852855,BAC
2014-06-11,15.69,15.82,15.55,15.59,73729322,BAC
2014-06-12,15.57,15.66,15.38,15.42,66173155,BAC
2014-06-13,15.46,15.55,15.33,15.44,61588127,BAC
2014-06-16,15.3,15.31,15.18,15.28,55425378,BAC
2014-06-17,15.265,15.62,15.255,15.59,58011594,BAC
2014-06-18,15.63,15.69,15.44,15.65,70220339,BAC
2014-06-19,15.66,15.67,15.5,15.55,40953928,BAC
2014-06-20,15.63,15.63,15.44,15.45,54765268,BAC
2014-06-23,15.47,15.65,15.38,15.64,58492242,BAC
2014-06-24,15.555,15.7,15.44,15.49,73262475,BAC
2014-06-25,15.45,15.49,15.28,15.47,71766365,BAC
2014-06-26,15.44,15.53,15.27,15.41,68519602,BAC
2014-06-27,15.38,15.42,15.31,15.33,58149183,BAC
2014-06-30,15.31,15.45,15.29,15.37,47776848,BAC
2014-07-01,15.38,15.65,15.38,15.6,74193538,BAC
2014-07-02,15.78,16.03,15.76,15.85,87685843,BAC
2014-07-03,16.07,16.23,16.0,16.03,70582291,BAC
2014-07-07,15.99,16.0,15.83,15.94,62437058,BAC
2014-07-08,15.82,15.83,15.52,15.58,73343353,BAC
2014-07-09,15.62,15.6899,15.54,15.6,46415844,BAC
2014-07-10,15.33,15.53,15.25,15.44,61458471,BAC
2014-07-11,15.39,15.43,15.3,15.38,56849387,BAC
2014-07-14,15.62,15.67,15.52,15.57,59181661,BAC
2014-07-15,15.75,15.85,15.66,15.81,100196217,BAC
2014-07-16,15.66,15.66,15.43,15.51,123897391,BAC
2014-07-17,15.45,15.48,15.13,15.2,114839948,BAC
2014-07-18,15.27,15.5,15.25,15.49,74859177,BAC
2014-07-21,15.42,15.55,15.36,15.52,61802195,BAC
2014-07-22,15.59,15.62,15.47,15.52,58331052,BAC
2014-07-23,15.52,15.63,15.51,15.52,47253265,BAC
2014-07-24,15.56,15.64,15.55,15.62,46549768,BAC
2014-07-25,15.585,15.63,15.55,15.59,35627167,BAC
2014-07-28,15.585,15.61,15.46,15.5,39322309,BAC
2014-07-29,15.52,15.53,15.34,15.34,51480454,BAC
2014-07-30,15.43,15.665,15.31,15.58,83243060,BAC
2014-07-31,15.44,15.55,15.25,15.25,70677323,BAC
2014-08-01,15.18,15.39,14.84,14.98,115978873,BAC
2014-08-04,15.065,15.12,14.98,15.05,51954672,BAC
2014-08-05,15.01,15.2,14.9,15.0,65071526,BAC
2014-08-06,15.14,15.36,15.14,15.2,95977855,BAC
2014-08-07,15.44,15.44,15.09,15.12,80058315,BAC
2014-08-08,15.08,15.2,14.99,15.2,54495011,BAC
2014-08-11,15.26,15.27,15.15,15.22,41545118,BAC
2014-08-12,15.18,15.3,15.15,15.21,33674350,BAC
2014-08-13,15.25,15.29,15.2,15.25,34059127,BAC
2014-08-14,15.26,15.32,15.26,15.32,29934562,BAC
2014-08-15,15.34,15.41,15.14,15.22,61535490,BAC
2014-08-18,15.28,15.45,15.27,15.45,54968626,BAC
2014-08-19,15.52,15.65,15.44,15.45,44825522,BAC
2014-08-20,15.41,15.6333,15.37,15.52,57824956,BAC
2014-08-21,15.69,16.22,15.62,16.16,177294357,BAC
2014-08-22,16.16,16.29,16.05,16.13,107641751,BAC
2014-08-25,16.27,16.4,16.2,16.29,89396509,BAC
2014-08-26,16.34,16.46,16.32,16.33,73323418,BAC
2014-08-27,16.37,16.39,16.14,16.2,63061789,BAC
2014-08-28,16.095,16.1,15.99,16.01,62170376,BAC
2014-08-29,16.045,16.14,16.02,16.09,50106605,BAC
2014-09-02,16.14,16.28,16.06,16.27,59400412,BAC
2014-09-03,16.27,16.28,16.04,16.1,67418919,BAC
2014-09-04,16.095,16.27,16.04,16.11,56378610,BAC
2014-09-05,16.05,16.07,15.9,16.02,80974901,BAC
2014-09-08,16.19,16.37,16.15,16.35,99411156,BAC
2014-09-09,16.25,16.26,16.1,16.14,82428852,BAC
2014-09-10,16.155,16.4,16.13,16.36,75656101,BAC
2014-09-11,16.32,16.63,16.3,16.57,106951724,BAC
2014-09-12,16.62,16.83,16.61,16.79,117118283,BAC
2014-09-15,16.795,16.93,16.62,16.74,87306899,BAC
2014-09-16,16.67,16.84,16.67,16.71,65017235,BAC
2014-09-17,16.71,16.93,16.68,16.77,82902719,BAC
2014-09-18,16.88,17.15,16.87,17.04,111923229,BAC
2014-09-19,17.15,17.17,16.88,16.95,88455049,BAC
2014-09-22,17.09,17.17,16.99,17.03,109276696,BAC
2014-09-23,17.05,17.2,17.03,17.05,91921935,BAC
2014-09-24,17.12,17.19,16.97,17.18,86396124,BAC
2014-09-25,17.155,17.18,16.85,16.85,104522487,BAC
2014-09-26,16.91,17.05,16.89,17.03,66785876,BAC
2014-09-29,16.91,17.05,16.88,17.01,68038311,BAC
2014-09-30,17.08,17.11,16.97,17.05,82217388,BAC
2014-10-01,17.07,17.09,16.8,16.82,91235935,BAC
2014-10-02,16.86,16.99,16.63,16.88,118018774,BAC
2014-10-03,17.11,17.3,17.06,17.29,110840569,BAC
2014-10-06,17.37,17.41,17.22,17.29,66212066,BAC
2014-10-07,17.18,17.2,16.88,16.88,91396327,BAC
2014-10-08,16.88,17.12,16.72,17.12,101266804,BAC
2014-10-09,17.04,17.11,16.55,16.59,121363088,BAC
2014-10-10,16.52,16.77,16.36,16.48,129552650,BAC
2014-10-13,16.48,16.67,16.4,16.4,92674130,BAC
2014-10-14,16.51,16.63,16.36,16.52,97451881,BAC
2014-10-15,16.23,16.24,15.43,15.76,216591804,BAC
2014-10-16,15.61,16.25,15.52,16.08,148199432,BAC
2014-10-17,16.25,16.41,16.16,16.21,94339180,BAC
2014-10-20,16.2,16.33,16.16,16.26,76510730,BAC
2014-10-21,16.43,16.61,16.31,16.6,78287334,BAC
2014-10-22,16.59,16.7,16.37,16.4,85199795,BAC
2014-10-23,16.58,16.73,16.515,16.6,68436551,BAC
2014-10-24,16.63,16.72,16.56,16.72,41951414,BAC
2014-10-27,16.68,16.69,16.5,16.59,51499970,BAC
2014-10-28,16.62,16.8,16.61,16.8,71850839,BAC
2014-10-29,16.77,17.02,16.71,16.99,99875657,BAC
2014-10-30,16.96,17.12,16.84,17.03,72579120,BAC
2014-10-31,17.17,17.22,17.1,17.16,82788923,BAC
2014-11-03,17.18,17.35,17.1,17.27,64109402,BAC
2014-11-04,17.22,17.3,17.02,17.21,53515435,BAC
2014-11-05,17.32,17.37,17.21,17.34,58608232,BAC
2014-11-06,17.34,17.4,17.28,17.36,57339203,BAC
2014-11-07,17.31,17.38,17.22,17.36,53907826,BAC
2014-11-10,17.36,17.4,17.3,17.37,54261121,BAC
2014-11-11,17.37,17.46,17.3,17.32,62236029,BAC
2014-11-12,17.24,17.3,17.07,17.29,48669101,BAC
2014-11-13,17.285,17.3,17.12,17.22,50586273,BAC
2014-11-14,17.165,17.25,17.1,17.14,41144632,BAC
2014-11-17,17.06,17.14,16.97,17.09,43393347,BAC
2014-11-18,17.07,17.22,17.06,17.14,39490695,BAC
2014-11-19,17.145,17.15,17.01,17.06,49441553,BAC
2014-11-20,16.96,17.01,16.83,17.0,49652114,BAC
2014-11-21,17.15,17.19,17.06,17.12,62999975,BAC
2014-11-24,17.16,17.28,17.08,17.18,52785687,BAC
2014-11-25,17.23,17.26,17.08,17.1,44786324,BAC
2014-11-26,17.12,17.15,17.04,17.11,27358440,BAC
2014-11-28,17.07,17.15,17.03,17.04,27834925,BAC
2014-12-01,16.92,16.94,16.73,16.79,61173148,BAC
2014-12-02,16.87,17.15,16.86,17.15,62945173,BAC
2014-12-03,17.1,17.3,17.06,17.29,70104217,BAC
2014-12-04,17.24,17.34,17.13,17.21,49773593,BAC
2014-12-05,17.41,17.71,17.35,17.68,131823990,BAC
2014-12-08,17.66,17.87,17.51,17.66,101035132,BAC
2014-12-09,17.175,17.59,17.17,17.56,95965217,BAC
2014-12-10,17.48,17.68,17.37,17.38,103611138,BAC
2014-12-11,17.44,17.65,17.44,17.47,80173209,BAC
2014-12-12,17.37,17.45,17.13,17.13,88886701,BAC
2014-12-15,17.3,17.31,16.76,16.85,101305256,BAC
2014-12-16,16.74,17.19,16.59,16.72,96111951,BAC
2014-12-17,16.87,17.27,16.82,17.26,92164082,BAC
2014-12-18,17.47,17.53,17.34,17.53,79333998,BAC
2014-12-19,17.49,17.7,17.49,17.62,105588213,BAC
2014-12-22,17.65,17.73,17.55,17.71,70969282,BAC
2014-12-23,17.83,17.99,17.78,17.93,94405246,BAC
2014-12-24,17.965,18.1,17.92,17.98,35091254,BAC
2014-12-26,18.02,18.05,17.95,17.98,34362457,BAC
2014-12-29,17.97,18.19,17.91,18.11,58370887,BAC
2014-12-30,18.04,18.18,18.01,18.13,41433523,BAC
2014-12-31,18.19,18.21,17.89,17.89,57819572,BAC
2015-01-02,17.99,18.03,17.6801,17.9,48951133,BAC
2015-01-05,17.785,17.81,17.29,17.38,105605485,BAC
2015-01-06,17.42,17.44,16.78,16.86,144912399,BAC
2015-01-07,17.14,17.18,16.87,16.94,104603795,BAC
2015-01-08,17.16,17.34,17.1,17.29,73388499,BAC
2015-01-09,17.38,17.38,16.95,16.98,84144582,BAC
2015-01-12,17.025,17.03,16.66,16.68,92762501,BAC
2015-01-13,16.82,16.89,16.32,16.45,100845428,BAC
2015-01-14,16.0,16.215,15.77,16.04,164779753,BAC
2015-01-15,15.59,15.76,15.15,15.2,193241269,BAC
2015-01-16,15.16,15.4,14.97,15.38,149802031,BAC
2015-01-20,15.59,15.63,15.2,15.26,123402773,BAC
2015-01-21,15.28,15.57,15.15,15.41,101054166,BAC
2015-01-22,15.55,16.19,15.43,16.09,183042071,BAC
2015-01-23,16.04,16.19,15.73,15.73,103376863,BAC
2015-01-26,15.72,15.93,15.7,15.85,69969283,BAC
2015-01-27,15.55,15.79,15.48,15.63,86184227,BAC
2015-01-28,15.72,15.73,15.18,15.2,105359816,BAC
2015-01-29,15.31,15.49,15.2,15.43,76095811,BAC
2015-01-30,15.23,15.47,15.15,15.15,99844602,BAC
2015-02-02,15.27,15.49,15.12,15.46,101586694,BAC
2015-02-03,15.62,15.93,15.61,15.89,105159425,BAC
2015-02-04,15.79,16.0,15.75,15.79,83848119,BAC
2015-02-05,15.98,16.09,15.9,15.97,92264706,BAC
2015-02-06,16.3,16.75,16.22,16.49,160832299,BAC
2015-02-09,16.35,16.5,16.25,16.35,95532929,BAC
2015-02-10,16.56,16.62,16.35,16.42,100322839,BAC
2015-02-11,16.33,16.45,16.21,16.36,99924367,BAC
2015-02-12,16.41,16.73,16.37,16.67,116394126,BAC
2015-02-13,16.73,16.79,16.54,16.61,93632718,BAC
2015-02-17,16.525,16.68,16.37,16.63,93350603,BAC
2015-02-18,16.55,16.56,16.24,16.3,84057353,BAC
2015-02-19,16.21,16.38,16.08,16.21,83604303,BAC
2015-02-20,16.14,16.43,16.01,16.38,89763586,BAC
2015-02-23,16.32,16.32,16.1,16.2,87623654,BAC
2015-02-24,16.27,16.55,16.25,16.38,74109596,BAC
2015-02-25,16.37,16.5,16.32,16.49,57200974,BAC
2015-02-26,16.42,16.44,15.9,16.04,161100671,BAC
2015-02-27,15.78,15.88,15.62,15.81,130448222,BAC
2015-03-02,15.79,16.03,15.715,16.01,71402439,BAC
2015-03-03,16.03,16.15,15.96,16.04,65689812,BAC
2015-03-04,15.96,15.98,15.76,15.84,78441603,BAC
2015-03-05,15.92,16.03,15.745,16.0,69509958,BAC
2015-03-06,16.41,16.62,16.16,16.22,163207226,BAC
2015-03-09,16.31,16.33,16.12,16.17,72912722,BAC
2015-03-10,16.04,16.13,15.79,15.79,85633552,BAC
2015-03-11,15.92,16.16,15.87,16.11,85910140,BAC
2015-03-12,16.05,16.21,15.9,16.09,126376330,BAC
2015-03-13,16.08,16.15,15.94,16.09,88581887,BAC
2015-03-16,16.11,16.22,15.85,16.13,63406461,BAC
2015-03-17,16.07,16.12,15.96,16.09,67314982,BAC
2015-03-18,16.01,16.1,15.91,15.98,86387603,BAC
2015-03-19,15.96,15.97,15.61,15.61,109169157,BAC
2015-03-20,15.695,15.93,15.64,15.84,99867679,BAC
2015-03-23,15.82,15.88,15.72,15.72,73773531,BAC
2015-03-24,15.73,15.8,15.61,15.61,77010981,BAC
2015-03-25,15.63,15.65,15.4,15.41,88541470,BAC
2015-03-26,15.385,15.54,15.26,15.42,76741501,BAC
2015-03-27,15.48,15.49,15.27,15.31,73140825,BAC
2015-03-30,15.42,15.61,15.4,15.52,70835266,BAC
2015-03-31,15.5,15.52,15.38,15.39,61381735,BAC
2015-04-01,15.42,15.46,15.25,15.41,73153854,BAC
2015-04-02,15.43,15.62,15.43,15.54,50443508,BAC
2015-04-06,15.39,15.6,15.34,15.51,51189543,BAC
2015-04-07,15.53,15.65,15.45,15.46,50057793,BAC
2015-04-08,15.51,15.74,15.5,15.61,71732476,BAC
2015-04-09,15.63,15.76,15.53,15.71,44935551,BAC
2015-04-10,15.69,15.79,15.6,15.72,43817662,BAC
2015-04-13,15.78,15.86,15.74,15.8,49191244,BAC
2015-04-14,15.88,15.95,15.71,15.82,84385405,BAC
2015-04-15,15.7,15.85,15.59,15.64,124479058,BAC
2015-04-16,15.64,15.94,15.58,15.79,105591004,BAC
2015-04-17,15.71,15.75,15.5,15.56,88994274,BAC
2015-04-20,15.62,15.69,15.56,15.57,53649399,BAC
2015-04-21,15.6,15.64,15.43,15.5,64033133,BAC
2015-04-22,15.55,15.83,15.49,15.74,73092762,BAC
2015-04-23,15.72,15.8,15.68,15.69,50292151,BAC
2015-04-24,15.71,15.75,15.61,15.64,40766109,BAC
2015-04-27,15.63,15.76,15.56,15.56,73523391,BAC
2015-04-28,15.58,15.71,15.5,15.65,58080055,BAC
2015-04-29,15.6,16.04,15.57,15.98,134499395,BAC
2015-04-30,16.0,16.05,15.7949,15.93,78313865,BAC
2015-05-01,16.0,16.15,15.92,16.11,78171362,BAC
2015-05-04,16.14,16.45,16.12,16.44,76592284,BAC
2015-05-05,16.42,16.61,16.33,16.35,106148744,BAC
2015-05-06,16.36,16.49,16.08,16.29,96426526,BAC
2015-05-07,16.23,16.33,16.09,16.24,73794827,BAC
2015-05-08,16.32,16.46,16.22,16.45,86333659,BAC
2015-05-11,16.45,16.59,16.43,16.49,56246007,BAC
2015-05-12,16.46,16.48,16.35,16.43,59627058,BAC
2015-05-13,16.44,16.52,16.36,16.47,47330638,BAC
2015-05-14,16.53,16.59,16.45,16.52,55395660,BAC
2015-05-15,16.52,16.52,16.3,16.35,54937772,BAC
2015-05-18,16.31,16.54,16.31,16.51,51059870,BAC
2015-05-19,16.59,16.78,16.58,16.77,89115475,BAC
2015-05-20,16.78,16.85,16.63,16.74,67683965,BAC
2015-05-21,16.71,16.75,16.56,16.73,52056583,BAC
2015-05-22,16.72,16.8,16.705,16.75,47032906,BAC
2015-05-26,16.73,16.73,16.43,16.5,100048158,BAC
2015-05-27,16.56,16.75,16.54,16.74,70026719,BAC
2015-05-28,16.72,16.73,16.58,16.67,60969979,BAC
2015-05-29,16.66,16.67,16.47,16.5,74266166,BAC
2015-06-01,16.58,16.64,16.47,16.55,62941625,BAC
2015-06-02,16.52,16.76,16.5,16.72,65513210,BAC
2015-06-03,16.79,17.02,16.74,16.93,89614868,BAC
2015-06-04,16.87,16.98,16.72,16.78,61025453,BAC
2015-06-05,17.04,17.35,16.965,17.19,119087408,BAC
2015-06-08,17.27,17.33,17.05,17.08,69749600,BAC
2015-06-09,17.05,17.35,17.0,17.31,82104858,BAC
2015-06-10,17.39,17.62,17.36,17.59,102643147,BAC
2015-06-11,17.62,17.675,17.44,17.49,77191527,BAC
2015-06-12,17.45,17.58,17.36,17.49,53149442,BAC
2015-06-15,17.33,17.5,17.25,17.47,68053373,BAC
2015-06-16,17.46,17.5599,17.37,17.55,47291181,BAC
2015-06-17,17.59,17.595,17.3,17.37,88712103,BAC
2015-06-18,17.35,17.4,17.22,17.38,97599930,BAC
2015-06-19,17.28,17.39,17.12,17.17,83395443,BAC
2015-06-22,17.36,17.53,17.35,17.47,58477740,BAC
2015-06-23,17.56,17.72,17.56,17.67,63865708,BAC
2015-06-24,17.53,17.69,17.45,17.49,59079475,BAC
2015-06-25,17.57,17.62,17.35,17.37,59772167,BAC
2015-06-26,17.48,17.52,17.35,17.41,63080788,BAC
2015-06-29,17.13,17.25,16.86,16.89,98604168,BAC
2015-06-30,17.08,17.13,16.85,17.02,89039753,BAC
2015-07-01,17.25,17.31,17.09,17.22,62317352,BAC
2015-07-02,17.16,17.21,16.89,17.03,64736475,BAC
2015-07-06,16.78,17.01,16.71,16.94,58726886,BAC
2015-07-07,16.9,16.93,16.34,16.69,115450479,BAC
2015-07-08,16.42,16.5,16.22,16.25,83032960,BAC
2015-07-09,16.53,16.72,16.45,16.48,81534426,BAC
2015-07-10,16.795,16.84,16.66,16.7,72965257,BAC
2015-07-13,16.97,17.05,16.9,17.02,67934294,BAC
2015-07-14,16.93,17.15,16.86,17.13,69999818,BAC
2015-07-15,17.53,17.85,17.49,17.68,173099934,BAC
2015-07-16,17.91,18.07,17.86,17.95,117054318,BAC
2015-07-17,17.96,18.16,17.89,18.1,96894911,BAC
2015-07-20,18.15,18.23,18.08,18.12,71980057,BAC
2015-07-21,18.11,18.17,18.02,18.08,63732762,BAC
2015-07-22,18.03,18.48,18.03,18.45,110327018,BAC
2015-07-23,18.39,18.43,18.08,18.18,103650135,BAC
2015-07-24,18.2,18.23,17.84,17.9,86364298,BAC
2015-07-27,17.66,17.78,17.5,17.67,93231917,BAC
2015-07-28,17.79,17.89,17.6,17.88,82166817,BAC
2015-07-29,17.95,18.2,17.92,18.16,96388569,BAC
2015-07-30,18.2,18.29,18.05,18.13,65667898,BAC
2015-07-31,18.03,18.06,17.86,17.88,67176946,BAC
2015-08-03,17.91,17.965,17.64,17.77,62376780,BAC
2015-08-04,17.79,17.93,17.71,17.8,69741507,BAC
2015-08-05,17.93,18.045,17.8,17.87,65228627,BAC
2015-08-06,17.91,17.975,17.77,17.81,47594722,BAC
2015-08-07,17.92,18.07,17.6,17.75,71020703,BAC
2015-08-10,17.87,18.05,17.86,18.04,65791191,BAC
2015-08-11,17.85,17.97,17.72,17.79,65868585,BAC
2015-08-12,17.62,17.645,17.02,17.52,143433552,BAC
2015-08-13,17.56,17.69,17.44,17.62,67456183,BAC
2015-08-14,17.57,17.7,17.54,17.7,52710258,BAC
2015-08-17,17.61,17.81,17.56,17.77,42309963,BAC
2015-08-18,17.72,17.9,17.65,17.69,50360727,BAC
2015-08-19,17.55,17.69,17.44,17.46,78522838,BAC
2015-08-20,17.19,17.2,16.72,16.72,149185431,BAC
2015-08-21,16.195,16.66,16.1,16.1,148874303,BAC
2015-08-24,15.02,15.98,14.6,15.29,214649482,BAC
2015-08-25,16.2,16.205,15.25,15.26,194376992,BAC
2015-08-26,15.81,16.06,15.335,16.06,174208534,BAC
2015-08-27,16.38,16.45,16.09,16.44,124185443,BAC
2015-08-28,16.4,16.44,16.2,16.36,75899306,BAC
2015-08-31,16.33,16.375,16.18,16.34,66695185,BAC
2015-09-01,15.95,16.05,15.46,15.58,119064035,BAC
2015-09-02,15.81,15.86,15.57,15.85,74820399,BAC
2015-09-03,15.97,16.1899,15.87,15.94,77175757,BAC
2015-09-04,15.79,15.86,15.5,15.65,104539500,BAC
2015-09-08,15.96,16.16,15.9,16.16,73960238,BAC
2015-09-09,16.37,16.46,15.83,15.9,70466139,BAC
2015-09-10,15.87,16.11,15.81,16.04,71110193,BAC
2015-09-11,15.99,16.06,15.9,16.04,54287677,BAC
2015-09-14,15.97,16.07,15.9,15.96,50640946,BAC
2015-09-15,16.04,16.39,16.0101,16.31,62327105,BAC
2015-09-16,16.35,16.39,16.09,16.33,83776419,BAC
2015-09-17,16.29,16.48,15.78,15.86,119088186,BAC
2015-09-18,15.68,15.71,15.5,15.56,136531198,BAC
2015-09-21,15.67,15.75,15.57,15.7,79096205,BAC
2015-09-22,15.49,15.58,15.45,15.57,92235195,BAC
2015-09-23,15.6,15.85,15.58,15.72,78117507,BAC
2015-09-24,15.535,15.62,15.4,15.55,99520125,BAC
2015-09-25,15.88,16.02,15.81,15.89,88654983,BAC
2015-09-28,15.79,15.82,15.38,15.47,91324283,BAC
2015-09-29,15.5,15.53,15.25,15.35,79829410,BAC
2015-09-30,15.55,15.6,15.32,15.58,71347084,BAC
2015-10-01,15.52,15.64,15.36,15.55,71516846,BAC
2015-10-02,15.08,15.38,14.63,15.38,181838369,BAC
2015-10-05,15.45,15.79,15.44,15.69,75315340,BAC
2015-10-06,15.68,15.82,15.57,15.69,67473718,BAC
2015-10-07,15.78,15.93,15.57,15.75,67019915,BAC
2015-10-08,15.72,15.78,15.51,15.75,79056883,BAC
2015-10-09,15.75,15.82,15.5,15.58,76667097,BAC
2015-10-12,15.6,15.62,15.43,15.52,50725777,BAC
2015-10-13,15.45,15.59,15.4,15.52,73689847,BAC
2015-10-14,15.77,15.92,15.55,15.64,122272438,BAC
2015-10-15,15.81,16.28,15.72,16.19,127028772,BAC
2015-10-16,16.285,16.29,16.03,16.12,66989537,BAC
2015-10-19,16.0,16.21,15.98,16.14,62953541,BAC
2015-10-20,16.16,16.29,16.1,16.2,50797790,BAC
2015-10-21,16.26,16.29,15.9,15.9,64861330,BAC
2015-10-22,16.0,16.2,15.995,16.16,74116646,BAC
2015-10-23,16.29,16.55,16.25,16.52,82285833,BAC
2015-10-26,16.52,16.55,16.34,16.51,67702832,BAC
2015-10-27,16.4,16.47,16.3,16.4,56159251,BAC
2015-10-28,16.45,17.31,16.445,17.28,147720142,BAC
2015-10-29,17.16,17.44,16.97,17.09,95542296,BAC
2015-10-30,17.18,17.18,16.76,16.78,87645788,BAC
2015-11-02,16.9,17.14,16.87,17.06,56948218,BAC
2015-11-03,17.01,17.26,16.99,17.18,66127070,BAC
2015-11-04,17.3,17.31,16.96,17.01,78728433,BAC
2015-11-05,17.03,17.37,17.03,17.31,85505498,BAC
2015-11-06,17.84,18.09,17.76,17.95,158037510,BAC
2015-11-09,18.03,18.08,17.56,17.68,129920743,BAC
2015-11-10,17.63,17.94,17.56,17.85,59905761,BAC
2015-11-11,17.99,17.99,17.68,17.75,59235017,BAC
2015-11-12,17.58,17.63,17.35,17.37,77850874,BAC
2015-11-13,17.13,17.31,17.09,17.2,103574885,BAC
2015-11-16,17.13,17.46,17.01,17.43,70384338,BAC
2015-11-17,17.5,17.6,17.34,17.42,70488605,BAC
2015-11-18,17.43,17.87,17.43,17.84,85708326,BAC
2015-11-19,17.78,17.85,17.62,17.69,51829659,BAC
2015-11-20,17.81,17.8326,17.59,17.65,56288301,BAC
2015-11-23,17.62,17.73,17.46,17.47,50362933,BAC
2015-11-24,17.26,17.57,17.25,17.47,58724233,BAC
2015-11-25,17.51,17.57,17.41,17.44,34939034,BAC
2015-11-27,17.46,17.5,17.33,17.48,22937528,BAC
2015-11-30,17.48,17.58,17.42,17.43,61893692,BAC
2015-12-01,17.52,17.81,17.48,17.81,74351824,BAC
2015-12-02,17.88,17.89,17.55,17.62,76918990,BAC
2015-12-03,17.68,17.765,17.25,17.3,95810096,BAC
2015-12-04,17.44,17.83,17.38,17.8,103021728,BAC
2015-12-07,17.79,17.8,17.44,17.54,81633309,BAC
2015-12-08,17.39,17.459,17.13,17.19,84873480,BAC
2015-12-09,17.11,17.38,16.87,17.1,82418050,BAC
2015-12-10,17.15,17.41,16.96,17.2,68395011,BAC
2015-12-11,16.97,17.06,16.64,16.73,91451006,BAC
2015-12-14,16.76,16.89,16.495,16.8,121121243,BAC
2015-12-15,17.02,17.49,16.99,17.42,99737154,BAC
2015-12-16,17.65,17.78,17.23,17.75,171576652,BAC
2015-12-17,17.8,17.83,17.3,17.3,97265726,BAC
2015-12-18,17.19,17.265,16.76,16.76,136737824,BAC
2015-12-21,16.98,17.0299,16.77,16.97,65150270,BAC
2015-12-22,17.05,17.11,16.85,17.08,56173502,BAC
2015-12-23,17.16,17.34,17.095,17.34,65770672,BAC
2015-12-24,17.32,17.38,17.22,17.27,29373415,BAC
2015-12-28,17.22,17.23,16.98,17.13,41777497,BAC
2015-12-29,17.25,17.35,17.16,17.28,45670376,BAC
2015-12-30,17.2,17.24,17.04,17.05,35066378,BAC
2015-12-31,17.01,17.07,16.83,16.83,47152968,BAC
2016-01-04,16.45,16.49,16.25,16.43,114888046,BAC
2016-01-05,16.52,16.59,16.23,16.43,66669974,BAC
2016-01-06,16.19,16.29,16.02,16.08,102760810,BAC
2016-01-07,15.73,15.9,15.44,15.5,116255879,BAC
2016-01-08,15.94,15.94,15.16,15.2,124782383,BAC
2016-01-11,15.26,15.37,14.94,15.31,104611654,BAC
2016-01-12,15.54,15.58,15.06,15.31,100023530,BAC
2016-01-13,15.47,15.52,14.85,14.9,119412972,BAC
2016-01-14,15.01,15.2,14.65,14.99,125920025,BAC
2016-01-15,14.41,14.66,14.13,14.46,172296066,BAC
2016-01-19,14.69,14.79,14.01,14.24,185727446,BAC
2016-01-20,13.79,14.0,13.27,13.69,250537599,BAC
2016-01-21,13.67,13.84,13.25,13.36,188975952,BAC
2016-01-22,13.65,13.72,13.47,13.56,169999791,BAC
2016-01-25,13.54,13.55,12.94,12.96,186419100,BAC
2016-01-26,13.07,13.35,13.04,13.31,124246906,BAC
2016-01-27,13.2,13.73,13.19,13.36,124095820,BAC
2016-01-28,13.59,13.705,13.26,13.53,110996163,BAC
2016-01-29,13.66,14.15,13.59,14.14,159984093,BAC
2016-02-01,14.05,14.09,13.8,13.96,105739440,BAC
2016-02-02,13.74,13.745,13.13,13.23,147101219,BAC
2016-02-03,13.28,13.29,12.52,13.03,257664574,BAC
2016-02-04,12.89,13.59,12.885,13.25,179394377,BAC
2016-02-05,13.32,13.3898,12.89,12.95,125842819,BAC
2016-02-08,12.67,12.7,12.13,12.27,221363577,BAC
2016-02-09,11.99,12.43,11.96,12.2,247348967,BAC
2016-02-10,12.42,12.54,11.91,11.98,227529981,BAC
2016-02-11,11.46,11.55,10.99,11.16,375088650,BAC
2016-02-12,11.48,12.03,11.4,11.95,245388351,BAC
2016-02-16,12.38,12.39,12.11,12.25,194306715,BAC
2016-02-17,12.57,12.69,12.47,12.56,221859376,BAC
2016-02-18,12.71,12.74,12.1,12.24,161539428,BAC
2016-02-19,12.22,12.24,11.98,12.13,121045561,BAC
2016-02-22,12.38,12.54,12.36,12.54,88865491,BAC
2016-02-23,12.47,12.475,12.1,12.16,104498707,BAC
2016-02-24,11.96,12.15,11.65,12.13,159552845,BAC
2016-02-25,12.14,12.33,12.09,12.32,103054561,BAC
2016-02-26,12.49,12.95,12.4,12.7,160314367,BAC
2016-02-29,12.7,12.86,12.51,12.52,123661082,BAC
2016-03-01,12.64,13.21,12.62,13.19,153558249,BAC
2016-03-02,13.2,13.51,13.13,13.41,139622457,BAC
2016-03-03,13.38,13.55,13.25,13.5,105082693,BAC
2016-03-04,13.76,13.89,13.49,13.54,171410889,BAC
2016-03-07,13.45,13.62,13.37,13.53,97650344,BAC
2016-03-08,13.4,13.465,13.05,13.06,125894779,BAC
2016-03-09,13.17,13.27,13.0,13.14,92253831,BAC
2016-03-10,13.23,13.4,13.0,13.27,123532756,BAC
2016-03-11,13.44,13.84,13.37,13.79,120409540,BAC
2016-03-14,13.72,13.74,13.49,13.64,87752938,BAC
2016-03-15,13.51,13.6,13.39,13.57,80464931,BAC
2016-03-16,13.51,13.81,13.09,13.31,149645421,BAC
2016-03-17,13.22,13.475,13.05,13.4,122129018,BAC
2016-03-18,13.68,13.88,13.55,13.79,146616225,BAC
2016-03-21,13.8,14.03,13.72,13.84,104695730,BAC
2016-03-22,13.67,13.84,13.63,13.76,83252050,BAC
2016-03-23,13.77,13.83,13.6,13.62,95789696,BAC
2016-03-24,13.41,13.69,13.27,13.68,94836539,BAC
2016-03-28,13.73,13.74,13.54,13.62,54498523,BAC
2016-03-29,13.54,13.54,13.26,13.42,101606836,BAC
2016-03-30,13.49,13.66,13.46,13.48,85896962,BAC
2016-03-31,13.49,13.71,13.45,13.52,79592066,BAC
2016-04-01,13.47,13.65,13.32,13.56,73130946,BAC
2016-04-04,13.54,13.65,13.41,13.51,59709598,BAC
2016-04-05,13.3,13.34,13.16,13.19,78445851,BAC
2016-04-06,13.2,13.3,13.11,13.27,62558514,BAC
2016-04-07,13.15,13.205,12.75,12.85,105704464,BAC
2016-04-08,13.03,13.14,12.86,12.88,76548118,BAC
2016-04-11,12.92,13.09,12.88,12.97,79411476,BAC
2016-04-12,13.0,13.33,12.93,13.27,100791577,BAC
2016-04-13,13.55,13.85,13.53,13.79,138647249,BAC
